{"chunk_pos":{"x":-16.666667938232423,"y":0.0,"z":-16.666667938232423},"chunk_ID":1,"directory":"/Resources/World Data/Chunks/Chunk1","objects":[],"chunk_bounds":{"m_Center":{"x":-16.666667938232423,"y":0.0,"z":-16.666667938232423},"m_Extent":{"x":8.333333015441895,"y":8.333333015441895,"z":8.333333015441895}},"chunk_collider":{"instanceID":0},"chunk_neighbours":[2,4,5]}