{"chunk_pos":{"x":16.666664123535158,"y":0.0,"z":-0.0000019073486328125},"chunk_ID":6,"directory":"/Resources/World Data/Chunks/Chunk6","objects":[{"runtime_ref":{"instanceID":0},"obj_parent":"World Objects","child_names":[],"name":"Cube (1)","obj_position":{"x":20.700000762939454,"y":1.2000000476837159,"z":2.700000047683716},"obj_rotation":{"x":0.0,"y":0.0,"z":0.0,"w":1.0},"obj_scale":{"x":1.0,"y":1.0,"z":1.0},"is_unity_primitive":true,"primitive_type":3,"obj_mesh":{"instanceID":482},"obj_mats":[{"instanceID":15752}],"obj_col":{"instanceID":0}}],"chunk_bounds":{"m_Center":{"x":16.666664123535158,"y":0.0,"z":-0.0000019073486328125},"m_Extent":{"x":8.333333015441895,"y":8.333333015441895,"z":8.333333015441895}},"chunk_collider":{"instanceID":0},"chunk_neighbours":[2,3,5,8,9]}