{"chunk_pos":{"x":-0.0000019073486328125,"y":0.0,"z":-16.666667938232423},"chunk_ID":2,"directory":"/Resources/World Data/Chunks/Chunk2","objects":[],"chunk_bounds":{"m_Center":{"x":-0.0000019073486328125,"y":0.0,"z":-16.666667938232423},"m_Extent":{"x":8.333333015441895,"y":8.333333015441895,"z":8.333333015441895}},"chunk_collider":{"instanceID":0},"chunk_neighbours":[1,3,4,5,6]}