{"chunk_pos":{"x":11.5,"y":0.0,"z":-85.5999984741211},"chunk_ID":3,"basic_objects":[{"transform_data":{"name":"Ground_02 (26)","id":3,"runtime_ref":{"instanceID":-1590612},"parent":0,"children":[],"position":{"x":-5.599999904632568,"y":-2.0199999809265138,"z":-76.19999694824219},"rotation":{"x":0.0,"y":0.7036533355712891,"z":0.0,"w":0.7105435132980347},"scale":{"x":1.0,"y":7.037399768829346,"z":2.0}},"obj_type":0,"is_unity_primitive":false,"primitive_type":0,"obj_mesh":"Ground_02","renderer_type":"UnityEngine.MeshRenderer","obj_mats":["Test Mat"],"collider_type":"UnityEngine.MeshCollider"},{"transform_data":{"name":"Ground_02 (25)","id":4,"runtime_ref":{"instanceID":-1590622},"parent":0,"children":[],"position":{"x":22.69999885559082,"y":-2.0199999809265138,"z":-76.5999984741211},"rotation":{"x":0.0,"y":0.770883321762085,"z":0.0,"w":0.636976420879364},"scale":{"x":1.0,"y":7.037399768829346,"z":2.0}},"obj_type":0,"is_unity_primitive":false,"primitive_type":0,"obj_mesh":"Ground_02","renderer_type":"UnityEngine.MeshRenderer","obj_mats":["Test Mat"],"collider_type":"UnityEngine.MeshCollider"}],"entity_references":[{"name":"Pug","id":2,"runtime_ref":{"instanceID":-1590780},"parent":1,"children":[3,39],"position":{"x":19.182743072509767,"y":0.49502214789390566,"z":-60.83531188964844},"rotation":{"x":0.0,"y":-0.1975807249546051,"z":0.0,"w":-0.9802866578102112},"scale":{"x":0.10000000149011612,"y":0.10000000149011612,"z":0.10000000149011612}},{"name":"Pug","id":0,"runtime_ref":{"instanceID":-1590944},"parent":1,"children":[],"position":{"x":15.282740592956543,"y":0.49502214789390566,"z":-61.03531265258789},"rotation":{"x":0.0,"y":-0.1975807249546051,"z":0.0,"w":-0.9802866578102112},"scale":{"x":0.10000000149011612,"y":0.10000000149011612,"z":0.10000000149011612}}],"chunk_bounds":{"m_Center":{"x":11.5,"y":0.0,"z":-85.5999984741211},"m_Extent":{"x":25.0,"y":Infinity,"z":25.0}},"chunk_neighbours":[2,4,6,7,8]}