{"chunk_pos":{"x":-23.333332061767579,"y":0.0,"z":0.0000019073486328125},"chunk_ID":4,"objects":[],"chunk_bounds":{"m_Center":{"x":-23.333332061767579,"y":0.0,"z":0.0000019073486328125},"m_Extent":{"x":11.666666984558106,"y":11.666666984558106,"z":11.666666984558106}},"chunk_collider":{"instanceID":0},"chunk_neighbours":[1,2,5,7,8]}