{"chunk_pos":{"x":-4.100001335144043,"y":0.0,"z":2.7333316802978517},"chunk_ID":8,"basic_objects":[],"entity_references":[{"name":"Zebra","id":4,"runtime_ref":{"instanceID":-49100},"parent":3,"children":[5,45],"position":{"x":0.0,"y":0.0,"z":0.0},"rotation":{"x":0.0,"y":0.0,"z":0.0,"w":1.0},"scale":{"x":1.0,"y":1.0,"z":1.0}}],"chunk_bounds":{"m_Center":{"x":-4.100001335144043,"y":0.0,"z":2.7333316802978517},"m_Extent":{"x":6.666666507720947,"y":Infinity,"z":6.666666507720947}},"chunk_neighbours":[4,5,6,7,9]}