{"chunk_pos":{"x":-4.100001335144043,"y":0.0,"z":-23.933334350585939},"chunk_ID":2,"objects":[{"runtime_ref":{"instanceID":-57548},"obj_parent":"Test Objects","child_names":[],"name":"Bush_02","obj_position":{"x":-5.560000419616699,"y":0.015657637268304826,"z":-20.809999465942384},"obj_rotation":{"x":0.0,"y":0.0,"z":0.0,"w":1.0},"obj_scale":{"x":1.0,"y":1.0,"z":1.0},"is_unity_primitive":false,"primitive_type":0,"obj_mesh":"Bush_02","obj_mats":["SimpleNaturePack_Texture_01"],"collider_type":"UnityEngine.MeshCollider"}],"chunk_bounds":{"m_Center":{"x":-4.100001335144043,"y":0.0,"z":-23.933334350585939},"m_Extent":{"x":6.666666507720947,"y":6.666666507720947,"z":6.666666507720947}},"chunk_collider":{"instanceID":0},"chunk_neighbours":[1,3,4,5,6]}