{"chunk_pos":{"x":23.333335876464845,"y":0.0,"z":-23.333332061767579},"chunk_ID":3,"objects":[],"chunk_bounds":{"m_Center":{"x":23.333335876464845,"y":0.0,"z":-23.333332061767579},"m_Extent":{"x":11.666666984558106,"y":11.666666984558106,"z":11.666666984558106}},"chunk_collider":{"instanceID":0},"chunk_neighbours":[2,5,6]}