{
    "chunk_pos": {
        "x": 9.233331680297852,
        "y": 0.0,
        "z": -23.933334350585939
    },
    "chunk_ID": 3,
    "basic_objects": [],
    "entity_objects": [],
    "chunk_bounds": {
        "m_Center": {
            "x": 9.233331680297852,
            "y": 0.0,
            "z": -23.933334350585939
        },
        "m_Extent": {
            "x": 6.666666507720947,
            "y":Infinity,
            "z": 6.666666507720947
        }
    },
    "chunk_neighbours": [
        2,
        5,
        6
    ]
}