{"chunk_pos":{"x":-20.766666412353517,"y":0.0,"z":-27.266666412353517},"chunk_ID":1,"basic_objects":[],"entity_references":[],"chunk_bounds":{"m_Center":{"x":-20.766666412353517,"y":0.0,"z":-27.266666412353517},"m_Extent":{"x":8.333333015441895,"y":Infinity,"z":8.333333015441895}},"chunk_neighbours":[2,4,5]}