{"chunk_pos":{"x":-17.433334350585939,"y":0.0,"z":-23.933334350585939},"chunk_ID":1,"objects":[{"runtime_ref":{"instanceID":-58880},"obj_parent":"Test Objects","child_names":[],"name":"Rock_04","obj_position":{"x":-16.220001220703126,"y":0.005387972109019756,"z":-20.920785903930665},"obj_rotation":{"x":0.0,"y":0.0,"z":0.0,"w":1.0},"obj_scale":{"x":1.0,"y":1.0,"z":1.0},"is_unity_primitive":false,"primitive_type":0,"obj_mesh":"Rock_04","obj_mats":["SimpleNaturePack_Texture_01"],"collider_type":"UnityEngine.MeshCollider"}],"chunk_bounds":{"m_Center":{"x":-17.433334350585939,"y":0.0,"z":-23.933334350585939},"m_Extent":{"x":6.666666507720947,"y":6.666666507720947,"z":6.666666507720947}},"chunk_collider":{"instanceID":0},"chunk_neighbours":[2,4,5]}