{"chunk_pos":{"x":16.666664123535158,"y":0.0,"z":16.666664123535158},"chunk_ID":9,"objects":[],"chunk_bounds":{"m_Center":{"x":16.666664123535158,"y":0.0,"z":16.666664123535158},"m_Extent":{"x":8.333333015441895,"y":8.333333015441895,"z":8.333333015441895}},"chunk_collider":{"instanceID":0},"chunk_neighbours":[5,6,8]}