{"chunk_pos":{"x":-20.766666412353517,"y":0.0,"z":6.0666656494140629},"chunk_ID":7,"basic_objects":[],"entity_references":[{"name":"Pug","id":2,"runtime_ref":{"instanceID":-41450},"parent":1,"children":[3,39],"position":{"x":-23.817258834838868,"y":0.0833333432674408,"z":8.264686584472657},"rotation":{"x":0.0,"y":-0.1975807249546051,"z":0.0,"w":-0.9802866578102112},"scale":{"x":0.10000000149011612,"y":0.10000000149011612,"z":0.10000000149011612}},{"name":"Pug","id":2,"runtime_ref":{"instanceID":-41614},"parent":1,"children":[3,39],"position":{"x":-23.817258834838868,"y":0.0833333432674408,"z":8.264686584472657},"rotation":{"x":0.0,"y":-0.1975807249546051,"z":0.0,"w":-0.9802866578102112},"scale":{"x":0.10000000149011612,"y":0.10000000149011612,"z":0.10000000149011612}},{"name":"Pug","id":0,"runtime_ref":{"instanceID":0},"parent":1,"children":[],"position":{"x":-23.817258834838868,"y":0.0833333432674408,"z":8.264686584472657},"rotation":{"x":0.0,"y":-0.1975807249546051,"z":0.0,"w":-0.9802866578102112},"scale":{"x":0.10000000149011612,"y":0.10000000149011612,"z":0.10000000149011612}},{"name":"Pug","id":0,"runtime_ref":{"instanceID":0},"parent":1,"children":[],"position":{"x":-23.817258834838868,"y":0.0833333432674408,"z":8.264686584472657},"rotation":{"x":0.0,"y":-0.1975807249546051,"z":0.0,"w":-0.9802866578102112},"scale":{"x":0.10000000149011612,"y":0.10000000149011612,"z":0.10000000149011612}}],"chunk_bounds":{"m_Center":{"x":-20.766666412353517,"y":0.0,"z":6.0666656494140629},"m_Extent":{"x":8.333333015441895,"y":Infinity,"z":8.333333015441895}},"chunk_neighbours":[4,5,8]}