{"chunk_pos":{"x":23.333335876464845,"y":0.0,"z":0.0000019073486328125},"chunk_ID":6,"objects":[{"runtime_ref":{"instanceID":-18328},"obj_parent":"World Objects","child_names":[],"name":"Cube (1)","obj_position":{"x":24.100000381469728,"y":2.200000047683716,"z":4.214559555053711},"obj_rotation":{"x":0.0,"y":0.0,"z":0.0,"w":1.0},"obj_scale":{"x":1.0,"y":1.0,"z":1.0},"is_unity_primitive":true,"primitive_type":3,"obj_mesh":"Cube","obj_mats":["Green"],"obj_col":{"instanceID":0}}],"chunk_bounds":{"m_Center":{"x":23.333335876464845,"y":0.0,"z":0.0000019073486328125},"m_Extent":{"x":11.666666984558106,"y":11.666666984558106,"z":11.666666984558106}},"chunk_collider":{"instanceID":0},"chunk_neighbours":[2,3,5,8,9]}