{"chunk_pos":{"x":12.566665649414063,"y":0.0,"z":6.0666656494140629},"chunk_ID":9,"basic_objects":[],"entity_references":[],"chunk_bounds":{"m_Center":{"x":12.566665649414063,"y":0.0,"z":6.0666656494140629},"m_Extent":{"x":8.333333015441895,"y":Infinity,"z":8.333333015441895}},"chunk_neighbours":[5,6,8]}