{"chunk_pos":{"x":-17.433334350585939,"y":0.0,"z":-10.600001335144043},"chunk_ID":4,"basic_objects":[],"entity_references":[{"name":"Zebra (1)","id":4,"runtime_ref":{"instanceID":-49326},"parent":3,"children":[5,45],"position":{"x":-11.517258644104004,"y":0.41168880462646487,"z":-14.735313415527344},"rotation":{"x":0.0,"y":0.0,"z":0.0,"w":1.0},"scale":{"x":1.0,"y":1.0,"z":1.0}}],"chunk_bounds":{"m_Center":{"x":-17.433334350585939,"y":0.0,"z":-10.600001335144043},"m_Extent":{"x":6.666666507720947,"y":Infinity,"z":6.666666507720947}},"chunk_neighbours":[1,2,5,7,8]}