{"chunk_pos":{"x":-4.100001335144043,"y":0.0,"z":2.7333316802978517},"chunk_ID":8,"basic_objects":[],"entity_references":[],"chunk_bounds":{"m_Center":{"x":-4.100001335144043,"y":0.0,"z":2.7333316802978517},"m_Extent":{"x":6.666666507720947,"y":Infinity,"z":6.666666507720947}},"chunk_neighbours":[4,5,6,7,9]}