{"chunk_pos":{"x":16.666664123535158,"y":0.0,"z":-0.0000019073486328125},"chunk_ID":6,"objects":[],"chunk_bounds":{"m_Center":{"x":16.666664123535158,"y":0.0,"z":-0.0000019073486328125},"m_Extent":{"x":8.333333015441895,"y":8.333333015441895,"z":8.333333015441895}},"chunk_collider":{"instanceID":0},"chunk_neighbours":[2,3,5,8,9]}