{"chunk_pos":{"x":12.566665649414063,"y":0.0,"z":-27.266666412353517},"chunk_ID":3,"basic_objects":[],"entity_references":[],"chunk_bounds":{"m_Center":{"x":12.566665649414063,"y":0.0,"z":-27.266666412353517},"m_Extent":{"x":8.333333015441895,"y":Infinity,"z":8.333333015441895}},"chunk_neighbours":[2,5,6]}