{"chunk_pos":{"x":-4.100001335144043,"y":0.0,"z":-10.600001335144043},"chunk_ID":5,"objects":[{"runtime_ref":{"instanceID":-57504},"obj_parent":"World Objects","child_names":["Test Objects","Ground_01","Grass_01","Mushroom_02","Rock_04","Bush_02"],"name":"Test Objects","obj_position":{"x":-4.130000114440918,"y":0.0,"z":-7.849999904632568},"obj_rotation":{"x":0.0,"y":0.0,"z":0.0,"w":1.0},"obj_scale":{"x":1.0,"y":1.0,"z":1.0},"is_unity_primitive":false,"primitive_type":0,"obj_mesh":"","obj_mats":[],"collider_type":""}],"chunk_bounds":{"m_Center":{"x":-4.100001335144043,"y":0.0,"z":-10.600001335144043},"m_Extent":{"x":6.666666507720947,"y":6.666666507720947,"z":6.666666507720947}},"chunk_collider":{"instanceID":0},"chunk_neighbours":[1,2,3,4,6,7,8,9]}