{"chunk_pos":{"x":0.0000019073486328125,"y":0.0,"z":-23.333332061767579},"chunk_ID":2,"objects":[],"chunk_bounds":{"m_Center":{"x":0.0000019073486328125,"y":0.0,"z":-23.333332061767579},"m_Extent":{"x":11.666666984558106,"y":11.666666984558106,"z":11.666666984558106}},"chunk_collider":{"instanceID":0},"chunk_neighbours":[1,3,4,5,6]}