{"chunk_pos":{"x":-4.100001335144043,"y":0.0,"z":-23.933334350585939},"chunk_ID":2,"basic_objects":[],"entity_references":[],"chunk_bounds":{"m_Center":{"x":-4.100001335144043,"y":0.0,"z":-23.933334350585939},"m_Extent":{"x":6.666666507720947,"y":Infinity,"z":6.666666507720947}},"chunk_neighbours":[1,3,4,5,6]}