{"chunk_pos":{"x":-4.100000381469727,"y":0.0,"z":-27.266666412353517},"chunk_ID":2,"basic_objects":[],"entity_references":[],"chunk_bounds":{"m_Center":{"x":-4.100000381469727,"y":0.0,"z":-27.266666412353517},"m_Extent":{"x":8.333333015441895,"y":Infinity,"z":8.333333015441895}},"chunk_neighbours":[1,3,4,5,6]}