{"chunk_pos":{"x":-20.766666412353517,"y":0.0,"z":-10.600000381469727},"chunk_ID":4,"basic_objects":[],"entity_references":[],"chunk_bounds":{"m_Center":{"x":-20.766666412353517,"y":0.0,"z":-10.600000381469727},"m_Extent":{"x":8.333333015441895,"y":Infinity,"z":8.333333015441895}},"chunk_neighbours":[1,2,5,7,8]}