{"chunk_pos":{"x":9.233331680297852,"y":0.0,"z":-10.600001335144043},"chunk_ID":6,"basic_objects":[],"entity_references":[],"chunk_bounds":{"m_Center":{"x":9.233331680297852,"y":0.0,"z":-10.600001335144043},"m_Extent":{"x":6.666666507720947,"y":Infinity,"z":6.666666507720947}},"chunk_neighbours":[2,3,5,8,9]}