{"chunk_pos":{"x":-4.100001335144043,"y":0.0,"z":2.7333316802978517},"chunk_ID":8,"basic_objects":[{"basic_object":{"obj_type":0,"runtime_ref":{"instanceID":-21088},"obj_parent":"Test Objects","child_names":[],"name":"Ground_01","obj_position":{"x":-2.363039016723633,"y":0.029999999329447748,"z":3.7261571884155275},"obj_rotation":{"x":0.0,"y":0.0,"z":0.0,"w":1.0},"obj_scale":{"x":0.10000000149011612,"y":0.10000000149011612,"z":0.10000000149011612},"is_unity_primitive":false,"primitive_type":0,"obj_mesh":"Ground_01","obj_mats":["SimpleNaturePack_Texture_01"],"collider_type":"UnityEngine.MeshCollider"}}],"entity_objects":[],"chunk_bounds":{"m_Center":{"x":-4.100001335144043,"y":0.0,"z":2.7333316802978517},"m_Extent":{"x":6.666666507720947,"y":Infinity,"z":6.666666507720947}},"chunk_collider":{"instanceID":0},"chunk_neighbours":[4,5,6,7,9]}