{"chunk_pos":{"x":9.233331680297852,"y":0.0,"z":-10.600001335144043},"chunk_ID":6,"objects":[{"runtime_ref":{"instanceID":-58802},"obj_parent":"Test Objects","child_names":[],"name":"Grass_01","obj_position":{"x":7.181200981140137,"y":0.007706011179834604,"z":-10.242486953735352},"obj_rotation":{"x":0.0,"y":0.0,"z":0.0,"w":1.0},"obj_scale":{"x":10.0,"y":10.0,"z":10.0},"is_unity_primitive":false,"primitive_type":0,"obj_mesh":"Grass_01","obj_mats":["SimpleNaturePack_Texture_01"],"collider_type":"UnityEngine.MeshCollider"}],"chunk_bounds":{"m_Center":{"x":9.233331680297852,"y":0.0,"z":-10.600001335144043},"m_Extent":{"x":6.666666507720947,"y":6.666666507720947,"z":6.666666507720947}},"chunk_collider":{"instanceID":0},"chunk_neighbours":[2,3,5,8,9]}