{"chunk_pos":{"x":-17.433334350585939,"y":0.0,"z":-10.600001335144043},"chunk_ID":4,"basic_objects":[],"entity_references":[{"name":"Pug","id":4,"runtime_ref":{"instanceID":-85200},"parent":3,"children":[5,41],"position":{"x":-10.383676528930664,"y":0.0833333358168602,"z":-8.714444160461426},"rotation":{"x":0.0,"y":0.0,"z":0.0,"w":1.0},"scale":{"x":0.10000000149011612,"y":0.10000000149011612,"z":0.10000000149011612}}],"chunk_bounds":{"m_Center":{"x":-17.433334350585939,"y":0.0,"z":-10.600001335144043},"m_Extent":{"x":6.666666507720947,"y":Infinity,"z":6.666666507720947}},"chunk_neighbours":[1,2,5,7,8]}