{"chunk_pos":{"x":-17.433334350585939,"y":0.0,"z":-10.600001335144043},"chunk_ID":4,"objects":[],"chunk_bounds":{"m_Center":{"x":-17.433334350585939,"y":0.0,"z":-10.600001335144043},"m_Extent":{"x":6.666666507720947,"y":6.666666507720947,"z":6.666666507720947}},"chunk_collider":{"instanceID":0},"chunk_neighbours":[1,2,5,7,8]}