{"chunk_pos":{"x":0.0000019073486328125,"y":0.0,"z":23.333335876464845},"chunk_ID":8,"objects":[],"chunk_bounds":{"m_Center":{"x":0.0000019073486328125,"y":0.0,"z":23.333335876464845},"m_Extent":{"x":11.666666984558106,"y":11.666666984558106,"z":11.666666984558106}},"chunk_collider":{"instanceID":0},"chunk_neighbours":[4,5,6,7,9]}