{"chunk_pos":{"x":16.666664123535158,"y":0.0,"z":16.666664123535158},"chunk_ID":9,"objects":[{"runtime_ref":{"instanceID":0},"obj_parent":"World Objects","child_names":[],"name":"Cube 3(Clone)","obj_position":{"x":22.212543487548829,"y":0.03000009059906006,"z":21.10127830505371},"obj_rotation":{"x":0.0,"y":0.0,"z":0.0,"w":1.0},"obj_scale":{"x":1.0,"y":1.0,"z":1.0},"is_unity_primitive":false,"primitive_type":0,"obj_mesh":"Cube","obj_mats":["Red"],"obj_col":{"instanceID":0}}],"chunk_bounds":{"m_Center":{"x":16.666664123535158,"y":0.0,"z":16.666664123535158},"m_Extent":{"x":8.333333015441895,"y":8.333333015441895,"z":8.333333015441895}},"chunk_collider":{"instanceID":0},"chunk_neighbours":[5,6,8]}