{"current_preset":{"region":0,"ambient_color":{"serializedVersion":"2","key0":{"r":1.0,"g":1.0,"b":1.0,"a":1.0},"key1":{"r":1.0,"g":1.0,"b":1.0,"a":1.0},"key2":{"r":0.0,"g":0.0,"b":0.0,"a":0.0},"key3":{"r":0.0,"g":0.0,"b":0.0,"a":0.0},"key4":{"r":0.0,"g":0.0,"b":0.0,"a":0.0},"key5":{"r":0.0,"g":0.0,"b":0.0,"a":0.0},"key6":{"r":0.0,"g":0.0,"b":0.0,"a":0.0},"key7":{"r":0.0,"g":0.0,"b":0.0,"a":0.0},"ctime0":0,"ctime1":65535,"ctime2":0,"ctime3":0,"ctime4":0,"ctime5":0,"ctime6":0,"ctime7":0,"atime0":0,"atime1":65535,"atime2":0,"atime3":0,"atime4":0,"atime5":0,"atime6":0,"atime7":0,"m_Mode":0,"m_NumColorKeys":2,"m_NumAlphaKeys":2},"directional_color":{"serializedVersion":"2","key0":{"r":1.0,"g":1.0,"b":1.0,"a":1.0},"key1":{"r":1.0,"g":1.0,"b":1.0,"a":1.0},"key2":{"r":0.0,"g":0.0,"b":0.0,"a":0.0},"key3":{"r":0.0,"g":0.0,"b":0.0,"a":0.0},"key4":{"r":0.0,"g":0.0,"b":0.0,"a":0.0},"key5":{"r":0.0,"g":0.0,"b":0.0,"a":0.0},"key6":{"r":0.0,"g":0.0,"b":0.0,"a":0.0},"key7":{"r":0.0,"g":0.0,"b":0.0,"a":0.0},"ctime0":0,"ctime1":65535,"ctime2":0,"ctime3":0,"ctime4":0,"ctime5":0,"ctime6":0,"ctime7":0,"atime0":0,"atime1":65535,"atime2":0,"atime3":0,"atime4":0,"atime5":0,"atime6":0,"atime7":0,"m_Mode":0,"m_NumColorKeys":2,"m_NumAlphaKeys":2},"fog_color":{"serializedVersion":"2","key0":{"r":1.0,"g":1.0,"b":1.0,"a":1.0},"key1":{"r":1.0,"g":1.0,"b":1.0,"a":1.0},"key2":{"r":0.0,"g":0.0,"b":0.0,"a":0.0},"key3":{"r":0.0,"g":0.0,"b":0.0,"a":0.0},"key4":{"r":0.0,"g":0.0,"b":0.0,"a":0.0},"key5":{"r":0.0,"g":0.0,"b":0.0,"a":0.0},"key6":{"r":0.0,"g":0.0,"b":0.0,"a":0.0},"key7":{"r":0.0,"g":0.0,"b":0.0,"a":0.0},"ctime0":0,"ctime1":65535,"ctime2":0,"ctime3":0,"ctime4":0,"ctime5":0,"ctime6":0,"ctime7":0,"atime0":0,"atime1":65535,"atime2":0,"atime3":0,"atime4":0,"atime5":0,"atime6":0,"atime7":0,"m_Mode":0,"m_NumColorKeys":2,"m_NumAlphaKeys":2}},"presets":[{"region":0,"ambient_color":{"serializedVersion":"2","key0":{"r":0.0,"g":0.0601048469543457,"b":1.0,"a":1.0},"key1":{"r":0.599056601524353,"g":0.6414990425109863,"b":1.0,"a":1.0},"key2":{"r":1.0,"g":0.907659113407135,"b":0.6367924213409424,"a":0.0},"key3":{"r":1.0,"g":0.9498242735862732,"b":0.8349056243896484,"a":0.0},"key4":{"r":1.0,"g":0.907659113407135,"b":0.6367924213409424,"a":0.0},"key5":{"r":0.599056601524353,"g":0.6414990425109863,"b":1.0,"a":0.0},"key6":{"r":0.0,"g":0.0601048469543457,"b":1.0,"a":0.0},"key7":{"r":0.0,"g":0.0,"b":0.0,"a":0.0},"ctime0":0,"ctime1":16384,"ctime2":26214,"ctime3":32768,"ctime4":39321,"ctime5":49151,"ctime6":65535,"ctime7":0,"atime0":0,"atime1":65535,"atime2":0,"atime3":0,"atime4":0,"atime5":0,"atime6":0,"atime7":0,"m_Mode":0,"m_NumColorKeys":7,"m_NumAlphaKeys":2},"directional_color":{"serializedVersion":"2","key0":{"r":1.0,"g":0.0,"b":0.0,"a":1.0},"key1":{"r":1.0,"g":1.0,"b":1.0,"a":1.0},"key2":{"r":0.0,"g":0.0,"b":0.0,"a":0.0},"key3":{"r":0.0,"g":0.0,"b":0.0,"a":0.0},"key4":{"r":0.0,"g":0.0,"b":0.0,"a":0.0},"key5":{"r":0.0,"g":0.0,"b":0.0,"a":0.0},"key6":{"r":0.0,"g":0.0,"b":0.0,"a":0.0},"key7":{"r":0.0,"g":0.0,"b":0.0,"a":0.0},"ctime0":0,"ctime1":65535,"ctime2":0,"ctime3":0,"ctime4":0,"ctime5":0,"ctime6":0,"ctime7":0,"atime0":0,"atime1":65535,"atime2":0,"atime3":0,"atime4":0,"atime5":0,"atime6":0,"atime7":0,"m_Mode":0,"m_NumColorKeys":2,"m_NumAlphaKeys":2},"fog_color":{"serializedVersion":"2","key0":{"r":0.0,"g":0.0,"b":0.0,"a":1.0},"key1":{"r":0.698113203048706,"g":0.3863658308982849,"b":0.0,"a":1.0},"key2":{"r":0.599056601524353,"g":0.6414990425109863,"b":1.0,"a":0.0},"key3":{"r":0.6612381935119629,"g":0.6588495969772339,"b":0.8449117541313171,"a":0.0},"key4":{"r":1.0,"g":0.753374457359314,"b":0.0,"a":0.0},"key5":{"r":0.0,"g":0.0,"b":0.0,"a":0.0},"key6":{"r":0.0,"g":0.0,"b":0.0,"a":0.0},"key7":{"r":0.0,"g":0.0,"b":0.0,"a":0.0},"ctime0":0,"ctime1":16384,"ctime2":31129,"ctime3":34406,"ctime4":49151,"ctime5":65535,"ctime6":0,"ctime7":0,"atime0":0,"atime1":65535,"atime2":0,"atime3":0,"atime4":0,"atime5":0,"atime6":0,"atime7":0,"m_Mode":0,"m_NumColorKeys":6,"m_NumAlphaKeys":2}},{"region":0,"ambient_color":{"serializedVersion":"2","key0":{"r":1.0,"g":1.0,"b":1.0,"a":1.0},"key1":{"r":1.0,"g":1.0,"b":1.0,"a":1.0},"key2":{"r":0.0,"g":0.0,"b":0.0,"a":0.0},"key3":{"r":0.0,"g":0.0,"b":0.0,"a":0.0},"key4":{"r":0.0,"g":0.0,"b":0.0,"a":0.0},"key5":{"r":0.0,"g":0.0,"b":0.0,"a":0.0},"key6":{"r":0.0,"g":0.0,"b":0.0,"a":0.0},"key7":{"r":0.0,"g":0.0,"b":0.0,"a":0.0},"ctime0":0,"ctime1":65535,"ctime2":0,"ctime3":0,"ctime4":0,"ctime5":0,"ctime6":0,"ctime7":0,"atime0":0,"atime1":65535,"atime2":0,"atime3":0,"atime4":0,"atime5":0,"atime6":0,"atime7":0,"m_Mode":0,"m_NumColorKeys":2,"m_NumAlphaKeys":2},"directional_color":{"serializedVersion":"2","key0":{"r":1.0,"g":1.0,"b":1.0,"a":1.0},"key1":{"r":1.0,"g":1.0,"b":1.0,"a":1.0},"key2":{"r":0.0,"g":0.0,"b":0.0,"a":0.0},"key3":{"r":0.0,"g":0.0,"b":0.0,"a":0.0},"key4":{"r":0.0,"g":0.0,"b":0.0,"a":0.0},"key5":{"r":0.0,"g":0.0,"b":0.0,"a":0.0},"key6":{"r":0.0,"g":0.0,"b":0.0,"a":0.0},"key7":{"r":0.0,"g":0.0,"b":0.0,"a":0.0},"ctime0":0,"ctime1":65535,"ctime2":0,"ctime3":0,"ctime4":0,"ctime5":0,"ctime6":0,"ctime7":0,"atime0":0,"atime1":65535,"atime2":0,"atime3":0,"atime4":0,"atime5":0,"atime6":0,"atime7":0,"m_Mode":0,"m_NumColorKeys":2,"m_NumAlphaKeys":2},"fog_color":{"serializedVersion":"2","key0":{"r":1.0,"g":1.0,"b":1.0,"a":1.0},"key1":{"r":1.0,"g":1.0,"b":1.0,"a":1.0},"key2":{"r":0.0,"g":0.0,"b":0.0,"a":0.0},"key3":{"r":0.0,"g":0.0,"b":0.0,"a":0.0},"key4":{"r":0.0,"g":0.0,"b":0.0,"a":0.0},"key5":{"r":0.0,"g":0.0,"b":0.0,"a":0.0},"key6":{"r":0.0,"g":0.0,"b":0.0,"a":0.0},"key7":{"r":0.0,"g":0.0,"b":0.0,"a":0.0},"ctime0":0,"ctime1":65535,"ctime2":0,"ctime3":0,"ctime4":0,"ctime5":0,"ctime6":0,"ctime7":0,"atime0":0,"atime1":65535,"atime2":0,"atime3":0,"atime4":0,"atime5":0,"atime6":0,"atime7":0,"m_Mode":0,"m_NumColorKeys":2,"m_NumAlphaKeys":2}},{"region":0,"ambient_color":{"serializedVersion":"2","key0":{"r":1.0,"g":1.0,"b":1.0,"a":1.0},"key1":{"r":1.0,"g":1.0,"b":1.0,"a":1.0},"key2":{"r":0.0,"g":0.0,"b":0.0,"a":0.0},"key3":{"r":0.0,"g":0.0,"b":0.0,"a":0.0},"key4":{"r":0.0,"g":0.0,"b":0.0,"a":0.0},"key5":{"r":0.0,"g":0.0,"b":0.0,"a":0.0},"key6":{"r":0.0,"g":0.0,"b":0.0,"a":0.0},"key7":{"r":0.0,"g":0.0,"b":0.0,"a":0.0},"ctime0":0,"ctime1":65535,"ctime2":0,"ctime3":0,"ctime4":0,"ctime5":0,"ctime6":0,"ctime7":0,"atime0":0,"atime1":65535,"atime2":0,"atime3":0,"atime4":0,"atime5":0,"atime6":0,"atime7":0,"m_Mode":0,"m_NumColorKeys":2,"m_NumAlphaKeys":2},"directional_color":{"serializedVersion":"2","key0":{"r":1.0,"g":1.0,"b":1.0,"a":1.0},"key1":{"r":1.0,"g":1.0,"b":1.0,"a":1.0},"key2":{"r":0.0,"g":0.0,"b":0.0,"a":0.0},"key3":{"r":0.0,"g":0.0,"b":0.0,"a":0.0},"key4":{"r":0.0,"g":0.0,"b":0.0,"a":0.0},"key5":{"r":0.0,"g":0.0,"b":0.0,"a":0.0},"key6":{"r":0.0,"g":0.0,"b":0.0,"a":0.0},"key7":{"r":0.0,"g":0.0,"b":0.0,"a":0.0},"ctime0":0,"ctime1":65535,"ctime2":0,"ctime3":0,"ctime4":0,"ctime5":0,"ctime6":0,"ctime7":0,"atime0":0,"atime1":65535,"atime2":0,"atime3":0,"atime4":0,"atime5":0,"atime6":0,"atime7":0,"m_Mode":0,"m_NumColorKeys":2,"m_NumAlphaKeys":2},"fog_color":{"serializedVersion":"2","key0":{"r":1.0,"g":1.0,"b":1.0,"a":1.0},"key1":{"r":1.0,"g":1.0,"b":1.0,"a":1.0},"key2":{"r":0.0,"g":0.0,"b":0.0,"a":0.0},"key3":{"r":0.0,"g":0.0,"b":0.0,"a":0.0},"key4":{"r":0.0,"g":0.0,"b":0.0,"a":0.0},"key5":{"r":0.0,"g":0.0,"b":0.0,"a":0.0},"key6":{"r":0.0,"g":0.0,"b":0.0,"a":0.0},"key7":{"r":0.0,"g":0.0,"b":0.0,"a":0.0},"ctime0":0,"ctime1":65535,"ctime2":0,"ctime3":0,"ctime4":0,"ctime5":0,"ctime6":0,"ctime7":0,"atime0":0,"atime1":65535,"atime2":0,"atime3":0,"atime4":0,"atime5":0,"atime6":0,"atime7":0,"m_Mode":0,"m_NumColorKeys":2,"m_NumAlphaKeys":2}}]}