{"chunk_pos":{"x":-0.0000019073486328125,"y":0.0,"z":-0.0000019073486328125},"chunk_ID":5,"directory":"/Resources/World Data/Chunks/Chunk5","objects":[{"runtime_ref":{"instanceID":0},"obj_parent":"World Objects","child_names":[],"name":"Cube (2)","obj_position":{"x":4.599999904632568,"y":1.2000000476837159,"z":2.700000047683716},"obj_rotation":{"x":0.0,"y":0.0,"z":0.0,"w":1.0},"obj_scale":{"x":1.0,"y":1.0,"z":1.0},"is_unity_primitive":true,"primitive_type":3,"obj_mesh":{"instanceID":482},"obj_mats":[{"instanceID":15760}],"obj_col":{"instanceID":0}}],"chunk_bounds":{"m_Center":{"x":-0.0000019073486328125,"y":0.0,"z":-0.0000019073486328125},"m_Extent":{"x":8.333333015441895,"y":8.333333015441895,"z":8.333333015441895}},"chunk_collider":{"instanceID":0},"chunk_neighbours":[1,2,3,4,6,7,8,9]}