{"chunk_pos":{"x":-0.0000019073486328125,"y":0.0,"z":16.666664123535158},"chunk_ID":8,"directory":"/Resources/World Data/Chunks/Chunk8","objects":[{"runtime_ref":{"instanceID":0},"obj_parent":"World Objects","child_names":[],"name":"SM_Env_Rock_Large_04 (3)","obj_position":{"x":3.799999952316284,"y":0.0,"z":20.899999618530275},"obj_rotation":{"x":0.0,"y":0.0,"z":0.0,"w":1.0},"obj_scale":{"x":50.0,"y":50.0,"z":50.0},"is_unity_primitive":false,"primitive_type":0,"obj_mesh":{"instanceID":15758},"obj_mats":[{"instanceID":15774}],"obj_col":{"instanceID":0}}],"chunk_bounds":{"m_Center":{"x":-0.0000019073486328125,"y":0.0,"z":16.666664123535158},"m_Extent":{"x":8.333333015441895,"y":8.333333015441895,"z":8.333333015441895}},"chunk_collider":{"instanceID":0},"chunk_neighbours":[4,5,6,7,9]}