{"chunk_pos":{"x":16.666664123535158,"y":0.0,"z":16.666664123535158},"chunk_ID":9,"directory":"/Resources/World Data/Chunks/Chunk9","objects":[{"runtime_ref":{"instanceID":0},"obj_parent":"World Objects","child_names":[],"name":"SM_Env_Rock_Large_04 (1)","obj_position":{"x":19.399999618530275,"y":0.0,"z":17.299999237060548},"obj_rotation":{"x":0.0,"y":0.0,"z":0.0,"w":1.0},"obj_scale":{"x":50.0,"y":50.0,"z":50.0},"is_unity_primitive":false,"primitive_type":0,"obj_mesh":{"instanceID":15758},"obj_mats":[{"instanceID":15760}],"obj_col":{"instanceID":0}}],"chunk_bounds":{"m_Center":{"x":16.666664123535158,"y":0.0,"z":16.666664123535158},"m_Extent":{"x":8.333333015441895,"y":8.333333015441895,"z":8.333333015441895}},"chunk_collider":{"instanceID":0},"chunk_neighbours":[5,6,8]}